artist;nationality;author;title;description;depicted_people;date;medium;dimensions;institution;department;place_of_discovery;object_history;exhibition_history;credit_line;inscriptions;notes;accession_number;place_of_creation;source;permission;other_versions;references;depicted_place;categories;wikidata;image_height;image_width;imageurl;object_type;location;public_domain;has_image
;;;{{title|Skt. Victor af Siena|lang=da}};{{da|Det synes vanskeligt at bestemme helgenens navn, S. Victor, S. Galgano, S. Ansanu oa. er bragt i forslag. Marianne Lonjon foreslår i brev 10 febr. 1984, at helgenen er Sankt Victor af Siena og mener at triptykket har været bestemt til den hellige Victors kapel i Siena.}};;1348-1352;Tempera på træ. Guldgrund;;{{Institution:Statens Museum for Kunst, Copenhagen}};;;* {{da|- William Young Ottleys - Bromleys Samling - Lord Ashburtons Samling - Grev Avoglis Samling, - H.Heilbuths Samling (udstillet med denne i Kunstmuseet Efteråret 1920) - Ehrich Galleries, New York. - Købt med pendanten (KMS3624) for 30.000kr af Dansk Kunstmuseumsforening Placeringshistorie: - 1966, maj: Kunstindustrimuseet - 1969, 28. aug.: Retur Sølvgade}}<br/>* {{ProvenanceEvent|date=1923-12-31|type=acquisition|newowner=[[Statens Museum for Kunst]]}};* {{Temporary Exhibition |name=100 Mesterværker |institution= |place= Sølvgade |begin=1996-06-23 |end=1996-08-04}};;;* {{da|Tidligere tilskrevet Simone Martini}}<br/>* {{da|Tidligere tilskrevet Lippo Memmi}}<br/>* {{da|Katalognumre: - Kat. 1946 nr. 441}}<br/>* {{da|Santa Corona og Skt. Victor af SienaLegenden fortæller, at den kun 16 år gamle Santa Corona i et syn så en engel stige ned fra himlen med to kroner, en mere beskeden til hende selv og en mere kostbar til Skt. Victor, som hun for sin kristne tros skyld skulle lide martyrdøden sammen med.Skildringen af de to helgenerKunstneren har skildret hende med den lille krone på hovedet og den store elegant støttet med venstre hånds fingerspidser. I sin højre hånd holder hun ligesom Skt. Victor martyriets trofæ, et par palmegrene. Skt. Victor holder desuden en olivengren, symbolet for den sejr, som Siena vandt over Montepulciano og Orvieto i 1229 på det, der senere blev Skt. Victors dag.Eksempler på den sienesiske gotikTavlerne var oprindeligt sidefløje til et hovedstykke med hyrdernes tilbedelse malet af Bartolomeo Bulgarini (1300/1310-1378). De er meget sjældne og fine eksempler på den sienesiske gotiks særlige lineære og farvestrålende dekorative stil, der står i kontrast til den rivaliserende florentinske skole, som mere betoner massen og tyngden.Storstilet udsmykning af domkirkenAltertavlen blev lavet omkring eller umiddelbart efter peståret 1348, som mere end decimerede Sienas befolkning. Skt. Viktor-altertavlen satte punktum for en storstilet udsmykning af byens domkirke, en udsmykning, som også omfattede den altertavle, som Ambrogio Lorenzettis (før 1317 - ca.1384) Johannes Døberen var del af. Highlights 2005, Eva de la Fuente Pedersen.}};KMS3625;;* {{SMK API|KMS3625}}<br/>* {{SMK Open|KMS3625}}<br/>* [https://api.smk.dk/api/v1/download/W3siaW1nX3VybCI6Imh0dHBzOi8vaWlwLnNtay5kay9paWlmL2pwMi9LTVMzNjI1LnRpZi5yZWNvbnN0cnVjdGVkLnRpZi5qcDIvZnVsbC9mdWxsLzAvbmF0aXZlLmpwZyIsInB1YmxpY19kb21haW4iOnRydWUsIm9iamVjdF9udW1iZXIiOiJLTVMzNjI1IiwibnVtIjoiIn1d/KMS3625.jpg image];{{Licensed-PD-Art|PD-old|Cc-zero}}<br/>	{{Statens Museum for Kunst collaboration project}};;*{{citation|title=Italiensk kunst og kunstindustri|author=Erik Zahle|others=6, afb. 4, 78f|id=11782|year=1934}}<br/>*{{citation|title=Pitture italiane del rinascimento: catalogo dei principali artisti e delle loro opere con un indice dei luoghi|author=Bernhard (Bernard) Berenson|others=309|id=13538|year=1936}}<br/>*{{citation|title=Fire italienske billeder i dansk eje|author=Erik Moltesen|others=86ff|id=15129|year=1925}}<br/>*{{citation|title=En samling af ældre malerkunst: udstillet i museet i efteraaret 1920|author=Karl Madsen|others=p. 112 (afb.), 114|id=15158|year=1920}}<br/>*{{citation|title=Siena and the Virgin: art and politics in a late medieval city state|author=Diana Norman|others=p. 68, 73, 74, 79, 80 og 84, samt note 12, p. 122. Afb. p. 73 (Forsøg på rekonstruktion af panelets oprindelige placering som alterfløj, samt oplysninger om det ikonografiske program.)|id=2000-033|year=1999}}<br/>*{{citation|title=Simone Martini e l'Annunciazione degli Uffizi|author=Alessandro Cecchi|others=pp. 38ff, ill. fig. 5 p. 43 + fig. 8 p. 45 (rekonstruktion af panelets placering i oprindelig altertavle m.v.).|id=2002-071|year=2001}}<br/>*{{citation|title=A program completed: the identification of the San Vittorio altarpiece|author=Kavin M. Frederick|others=p.56-63, ill. (vedr. forslag til evt. komposition for et middelfelt mellem de to helgener, de tilsammen udgjorde altertavle i S.Vittorio-kapellet i Katedralen i Siena) (artiklen er en fortsættelse af den i K.M.Friedrick, A Program of Alterpieces for the Siena Cathedral. KMS' maleri nævnes ikke i denne sidste artikel, men altercyklen præsenteret - særtryk i biblioteket.)|id=2002-492|year=1983, 1985}}<br/>*{{citation|title=Lippo Memmi's Helgen og Helgeninde|author=Erik Zahle|others=p.282f (om billedets tidligere historie og ældre litteratur)|id=2002-514}}<br/>*{{citation|title=SMK highlights: Statens Museum for Kunst|author=Sven Bjerkhof|others=omt. og afb. p. 18|id=2005-071|year=2005}}<br/>*{{citation|title=Italian paintings and sculpture in Denmark|author=Harald Olsen|others=p.22, p.75, afb. planche II, a (Tilskrevet Palazo Venezia Madonna-mesteren)|id=28349|year=1961}}<br/>*{{citation|title=Catalogue of a collection of paintings|author=Karl Madsen|others=nr. 2|id=6834}}<br/>*{{citation|title=Statens Museum for Kunst: 1827-1952|author=Villads Villadsen|others=afb. (s/h) p.222|id=98-419|year=1998}}<br/>*{{citation|title=The development of the Italian schools of painting|author=Raimond van Marle|others=vol. II (1924): 292ff, tilskrevet Barna da Siena|id=C 3075:1-19 it|year=1923-1938}}<br/>*{{citation|title=Maletekniske undersøgelser af to helgenbilleder fra Skt. Victor-altertavlen i Sienas domkirke|author=Troels Filtenborg|others=omt. p. 83ff, ill. p. 84, samt flere detaljefotografier|year=2006}}<br/>*{{citation|title=Tuscan Primitives in London Sales, 1801-1837|author=Dorothy Lygon|others=p. 113, 114, 115}}<br/>*{{citation|title=Iconography of the Saints in Tuscan Painting|author=George Kaftal|others=fig. 1137: S. Vittore de Siena|year=1952}}<br/>*{{citation|title=100 mesterværker|author=Eva Friis|others=p.30, afb. p.31|id=k1996-233|year=1996}};;[[Category:Images released under the CC0 1.0 Universal license by Statens Museum for Kunst]]<br/>[[Category:Images from the partnership with Statens Museum for Kunst]]<br/>[[Category:Altarpieces in Statens Museum for Kunst]];Q48453396;;;https://api.smk.dk/api/v1/download/W3siaW1nX3VybCI6Imh0dHBzOi8vaWlwLnNtay5kay9paWlmL2pwMi9LTVMzNjI1LnRpZi5yZWNvbnN0cnVjdGVkLnRpZi5qcDIvZnVsbC9mdWxsLzAvbmF0aXZlLmpwZyIsInB1YmxpY19kb21haW4iOnRydWUsIm9iamVjdF9udW1iZXIiOiJLTVMzNjI1IiwibnVtIjoiIn1d/KMS3625.jpgAltarpieceSal 201B;True;True
;;;{{title|Blomsterbuket i en stenniche|lang=da}};;;1618;Olie på kobber;;{{Institution:Statens Museum for Kunst, Copenhagen}};;;* {{da|- Muligvis i Frederiksborgs Inventar 1705 - 1791: tilgået samlingen 1791 fra Hirschholm Slot, hvor det i det mindste siden 1741 var blevet anvendt som dørstykke Placeringshistorie: - 1969, 8.sep.: Sølvgade}}<br/>* {{ProvenanceEvent|date=1791-12-31|type=acquisition|newowner=[[Statens Museum for Kunst]]}};* {{Temporary Exhibition |name=Holländsk guldålder |institution= |place= Nationalmuseum, Stockholm |begin=2005-09-22 |end=2006-01-08}}<br/>* {{Temporary Exhibition |name=The Glory of the Golden Age - Painting, Sculpture and Decorative Art |institution= |place= Rijksmuseum, Amsterdam |begin=2000-04-14 |end=2000-09-16}}<br/>* {{Temporary Exhibition |name=Blomster fra sans og samling |institution= |place= Designmuseum Danmark |begin=1990-01-01 |end=1990-12-31}}<br/>* {{Temporary Exhibition |name=Blumenpracht - Niederländische Stillleben des 17. und 18. Jahrhunderts |institution= |place= Staatliches Museum Schwerin |begin=2009-04-22 |end=2009-08-30}}<br/>* {{Temporary Exhibition |name=Blomster og verdenssyn |institution= |place= Sølvgade |begin=2013-03-21 |end=2013-10-19}}<br/>* {{Temporary Exhibition |name=100 Mesterværker |institution= |place= Sølvgade |begin=1996-06-23 |end=1996-08-04}}<br/>* {{Temporary Exhibition |name=Flowers and World Views |institution= |place= Schloss Gottorf |begin=2014-05-23 |end=2014-10-24}}<br/>* {{Temporary Exhibition |name=Christian IV og Europa : den 19. Europarådsudstilling |institution= |place= Sølvgade |begin=1988-03-30 |end=1988-09-25}}<br/>* {{Temporary Exhibition |name=Konkylien og mennesket |institution= |place= Designmuseum Danmark |begin=1983-11-25 |end=1984-01-15}};;{{inscription |1=AB [monogram] 1618}};* {{da|Tidligere Inventarnumre: - Lorentz Spenglers Inventar p. 10 nr. 735 Katalognumre: - Spengler nr. 211 (som Ambrosius Breughel) - Cat. 1864 nr. 134 - Kat. 1875 nr. 450 - kat. 1904 nr. 54 (arkiveksemplar I - som Bosschaert) - kat. 1922 nr. 190 - kat. 1946 nr. 88}}<br/>* {{da|Man kan næsten dufte buketten og mærke duggens friskhed mod ansigtet. Blomsterbukettens slagskygge tegner en bugtet kontur på stennichens runding, hvor vasen står. Øjenbedrag Nichens arkitektoniske indramning følger maleriets egen dimensionering, og hvis det ikke var for den kraftige prydramme, kunne man ved et flygtigt blik tro, at det var den virkelige verden. Øjenbedraget eller trompe l’oeil-effekten er forstærket ved en gul rose, der ligger ved siden af vasen og rager ud over stennichens kant. Blomster som selvstændigt motiv I kølvandet på en række faktorer - såsom calvinisternes forkastelse af kirkeudsmykninger og borgerskabets øgede købekraft - blev en række nye motivtyper introduceret på det hollandske kunstmarked i begyndelsen af 1600-tallet. Ambrosius Bosschaerts var en af de første malere, som gjorde blomster til et selvstændigt motiv inden for den såkaldte stilleben-genre. Stilleben-genren I 1600-tallet var genren forbundet med et sæt moraliserende undertoner. Fordi for eksempel tulipanløg var et kostbart investeringsobjekt, var den flerfarvede tulipan et yndet memento mori - en påmindelse om livets korthed.}};KMSsp211;;* {{SMK API|KMSsp211}}<br/>* {{SMK Open|KMSsp211}}<br/>* [https://api.smk.dk/api/v1/download/W3siaW1nX3VybCI6Imh0dHBzOi8vaWlwLnNtay5kay9paWlmL2pwMi9rbXNzcDIxMS1jcm9wcGVkLnRpZi5qcDIvZnVsbC9mdWxsLzAvbmF0aXZlLmpwZyIsInB1YmxpY19kb21haW4iOnRydWUsIm9iamVjdF9udW1iZXIiOiJLTVNzcDIxMSIsIm51bSI6IiJ9XQ==/KMSsp211.jpg image];{{Licensed-PD-Art|PD-old|Cc-zero}}<br/>	{{Statens Museum for Kunst collaboration project}};;*{{citation|title=Dutch still-life painting: in the seventeenth century|author=Ingvar Bergström|others=p. 61 (geng.)|id=65856|year=1983}}<br/>*{{citation|title=The collection of Dutch and Flemish still-life paintings bequeathed by Daisy Linda Ward: catalogue of the collection of paintings|author=Fred G. Meijer|others=cat. 17, p. 179 note 2.|id=2003-318|year=2003}}<br/>*{{citation|title=SMK Highlights|author=Sven Bjerkhof|others=omt. og afb. p. 30|year=2014}}<br/>*{{citation|title=Les peintres flamands de fleurs au XVII siècle|author=M. L. Hairs|others=p. 196|id=22614|year=1955}}<br/>*{{citation|title=Autumn exhibition of dutch and flemish masters|author=unknown|others=p. 196|id=22614|year=1955}}<br/>*{{citation|title=Hvad blev der portrætterne på Hirschholm Slot|author=Povl Eller|others=p. 15f, note 4 p. 84|id=37008|year=1972}}<br/>*{{citation|title=Konkylien og mennesket: udstilling i Kunstindustri museet, København, 25. november 1983 - 15. januar 1984|author=unknown|others=kat nr. 2, side 85|id=50610|year=[1983]}}<br/>*{{citation|title=The Bosschaert dynasty: painters of flowers and fruit|author=L. J. Bol|others=plate 21 kat. nr. 33|id=65799|year=1980}}<br/>*{{citation|title=Christian IV og Europa: den 19. Europarådsudstilling, Danmark 1988|author=Steffen Heiberg|others=Olaf Koester, Christian IV og billedkunstens Europa, p. 311 kat.nr. 1008|id=88-222|year=1988}}<br/>*{{citation|title=Dutch still-life painting from the 16th to the 18th centuries in Danish collections|author=Poul Gammelbo|others=no. 26 (afb.)|id=91-136|year=1960}}<br/>*{{citation|title=Clara Peeters: 1594-ca. 1640|author=Pamela Hibbs Decoteau|others=p. 84|id=92-609|year=1992}}<br/>*{{citation|title=Masters of light: Dutch painters in Utrecht during the Golden Age|author=Joaneath Spicer|others=omt. p.45 afb. p.46 fig.24 (s/h), p.358, p. 359|id=98-052|year=1997}}<br/>*{{citation|title=GARTen: vom Blumenbild zum digitalen Garten|author=unknown|others=ill. p. 58|id=C 43540|year=2009}}<br/>*{{citation|title=Holländsk guldålder: Rembrandt, fran Hals och deras samtida|author=Görel Cavalli-Björkman|others=Afb. p. 100, omt. p. 94|id=D 31440|year=2005}}<br/>*{{citation|title=Geschiedenis van de Provincie Utrecht: vol. I: van 1528 tot 1780|author=C. Dekker|others=p. 378 og afb. (farve)|year=1997}}<br/>*{{citation|title=At sige det med blomster|author=Bettina von Meyerburg|others=p. 42 fig. 36 (farve)|year=1990}}<br/>*{{citation|title=100 mesterværker|author=Eva Friis|others=Olaf Koesters artikel "Ambrosius Bosschaert" p. 60, afb. p. 61 (f)|id=k1996-233|year=1996}}<br/>*{{citation|title=The glory of the Golden Age: Dutch art of the 17th century|author=Epco Runia|others=afb. p. 70 (f), p. 71 kat. 40|id=k2000-195|year=2000}}<br/>*{{citation|title=Blomster og verdenssyn|author=Sven Bjerkhof|others=Afb. p. 10 + 36-37, omt. p. 11 + 34-38|id=C 55132|year=2013}}<br/>*{{citation|title=Holländskt stillebenmåleri under 1600-talet|author=Ingvar Bergström|others=afb. p. 67|id=17847|year=1947}};;[[Category:Images released under the CC0 1.0 Universal license by Statens Museum for Kunst]]<br/>[[Category:Images from the partnership with Statens Museum for Kunst]]<br/>[[Category:Paintings in Statens Museum for Kunst]];Q20354368;;;https://api.smk.dk/api/v1/download/W3siaW1nX3VybCI6Imh0dHBzOi8vaWlwLnNtay5kay9paWlmL2pwMi9rbXNzcDIxMS1jcm9wcGVkLnRpZi5qcDIvZnVsbC9mdWxsLzAvbmF0aXZlLmpwZyIsInB1YmxpY19kb21haW4iOnRydWUsIm9iamVjdF9udW1iZXIiOiJLTVNzcDIxMSIsIm51bSI6IiJ9XQ==/KMSsp211.jpgPaintingSal 211A;True;True
;;;{{title|I Høst|lang=da}};;;1885;olie på lærred;;{{Institution:Statens Museum for Kunst, Copenhagen}};;;* {{da|Gave 1955 til den danske stat fra direktør O. P. Christensen. Overdraget til Statsministeriet.}}<br/>* {{ProvenanceEvent|date=1994-12-31|type=acquisition|newowner=[[Statens Museum for Kunst]]}};* {{Temporary Exhibition |name=KUNSTNERBRØDRE L.A. Ring og H.A. Brendekilde |institution= |place= Randers Kunstmuseum |begin=2018-11-23 |end=2019-03-30}}<br/>* {{Temporary Exhibition |name=L.A. Ring - på kanten af verden |institution= |place= Sølvgade |begin=2006-09-02 |end=2007-01-07}}<br/>* {{Temporary Exhibition |name=L.A. Ring - på kanten af verden |institution= |place= Randers Kunstmuseum |begin=2007-01-25 |end=2007-04-28}}<br/>* {{Temporary Exhibition |name=Nordic Highlights |institution= |place= Sølvgade |begin=2017-04-07 |end=2017-08-12}}<br/>* {{Temporary Exhibition |name=On the Edge of the World: Masterworks by Laurits Andersen Ring from SMK—the National Gallery of Denmark |institution= |place= National Nordic Museum, Seattle |begin=2019-09-14 |end=2020-01-19}}<br/>* {{Temporary Exhibition |name=On the Edge of the World: Masterworks by Laurits Andersen Ring from SMK—the National Gallery of Denmark |institution= |place= Bruce Museum of Greenwich, Connecticut |begin=2020-02-01 |end=2020-08-09}};;{{inscription |1=L.A. Ring. 85}};* {{da|Landarbejderen er L.A. Rings bror, Ole Peter Andersen, og det er ved hans gård i Tuehusene ved Fakse på Sydsjælland, at billedet er malet. Skildringen af hverdagssituationer I mange af sine værker skildrede Ring jævne folk i hverdagssituationer, ofte i de sjællandske landsbysamfund, som han gennem sin opvækst og senere bosættelser var nært knyttet til. Rings politiske bevidsthed og ateistiske livsholdning Tilgangen til motivet er præget af Rings politiske bevidsthed og ateistiske livsholdning, udviklet under indtryk af Georg Brandes (1842-1927), Henrik Pontoppidan (1857-1943) og J.P. Jacobsens (1847-1885) forfatterskaber. Kunstnerisk har forbilledet været den franske maler Jean-François Millets (1814-1875) beundrede gengivelser af det hårde og nøjsomme liv på landet. Monumentalt portræt af landarbejderen Det er et monumentalt portræt, ikke af broderen, hvis ansigt jo nærmest er skjult, men af landarbejderen som type, som kraftfuld bærer af Rings revolutionære forhåbninger. Men det er også en skildring af manden med leen, der mejer kornet ned og dermed af menneskets udspændthed mellem livet, den fuldmodne kornmark, og den uundgåelige død. Den ekstremt høje horisontlinje er meget karakteristisk for Rings værker. Her sikrer den, at høstmanden ikke rager op i himlen, men forbliver ved og i jorden.}};DEP289;;* {{SMK API|DEP289}}<br/>* {{SMK Open|DEP289}}<br/>* [https://api.smk.dk/api/v1/download/W3siaW1nX3VybCI6Imh0dHBzOi8vaWlwLnNtay5kay9paWlmL2pwMi9ERVAyODkudGlmLnJlY29uc3RydWN0ZWQudGlmLmpwMi9mdWxsL2Z1bGwvMC9uYXRpdmUuanBnIiwicHVibGljX2RvbWFpbiI6dHJ1ZSwib2JqZWN0X251bWJlciI6IkRFUDI4OSIsIm51bSI6IiJ9XQ==/DEP289.jpg image];{{Licensed-PD-Art|PD-old|Cc-zero}}<br/>	{{Statens Museum for Kunst collaboration project}};;*{{citation|title=Lysets malere: nordisk malerkunst fra klassicisme til modernisme|author=Bengt-Arne Person|others=omt. p. 101|id=2000-393|year=1999}}<br/>*{{citation|title=Nordiske stemninger: Harald Sohlberg (1869-1935), L.A. Ring (1854-1933)|author=Tone Sinding Steinsvik|others=omt. pp. 12-13, 21|id=2004-073|year=2003}}<br/>*{{citation|title=SMK highlights: Statens Museum for Kunst|author=Sven Bjerkhof|others=omt. og afb. p. 103|id=2005-071|year=2005}}<br/>*{{citation|title=L.A. Ring - på kanten af verden|author=Peter Nørgaard=nørgård Larsen|others=Kat. 6-5, omt. pp. 26, 157, 180 og 222, afb. pp. 27, 157 og 181.|id=2006-212|year=2006}}<br/>*{{citation|title=Fortegnelse over malerier og studier af L. A. Ring i aarene 1880-1910|author=H. Chr. Christensen|others=kat. 50.|id=2591|year=1910}}<br/>*{{citation|title=Tranches de vie: le naturalisme en Europe 1875-1915|author=unknown|others=omt. pp. 226-228, ill. p. 227|id=96-877|year=1996}}<br/>*{{citation|title=Det moderne gennembrud 1870-1890|author=unknown|others=heri: Peter Michael Hornung og Kasper Monrad, "Det moderne gennembruds malere", pp. 6, 20f, afb. p. 19 (fyldig billedtekst).|id=B 4288|year=2002}}<br/>*{{citation|title=For hundrede år siden: Danmark og Tyskland 1864-1900: modstandere og naboer: Statens Museum for Kunst, København, Aarhus Kunstmuseum, Århus, Kunsthalle zu Kiel der Christian-Albrechts-Universität, Kiel, Orangerie Schloss Charlottenburg, Berlin|author=unknown|others=omt. og ill., fig. 53|id=C 14094:1-2|year=[1981]}}<br/>*{{citation|title=Den bevingede knokkelmand: L.A. Ring imellem realisme og symbolisme|author=Finn Terman Frederiksen|others=fig. 14, ill. p. 57, omt. p. 56-61|id=C 38432|year=2007}}<br/>*{{citation|title=Échappées nordiques: les maîtres scandinaves et finlandais en France, 1870-1914|author=Diederick Bakhuÿs|others=afb. fig. 3|id=C 43948|year=2008}}<br/>*{{citation|title=Kunst og krop: betragtninger over kroppen som billedkunstnerisk element|author=Johs. Stræde|others=omt. p. 100-104, afb. p. 101, fig. 50|id=D 28597|year=1997}}<br/>*{{citation|title=13 år med Allis|author=Lisbeth Bonde|others=ill. p. 214|id=D 33194|year=2007}}<br/>*{{citation|title=L.A. Ring - 150 år: motiver fra Sydsjælland|author=Gertrud Oelsner|others=omt. pp. 7, 46|id=ka2004-084|year=2004}}<br/>*{{citation|title=175 års jubilæum - Kunstnerforeningen af 18. november|author=Tove Thage|others=afb. p. 97|year=2017}}<br/>*{{citation|title=Kunstnerbrødre: L. A. Ring og H. A. Brendekilde|author=Jeppesen, Lise|others=afb. p. 27, 72}}<br/>*{{citation|title=Grundtvig rundt: En guide|author=Korsgaard, Ove|others=afb. p. 43}};;[[Category:Images released under the CC0 1.0 Universal license by Statens Museum for Kunst]]<br/>[[Category:Images from the partnership with Statens Museum for Kunst]]<br/>[[Category:Paintings in Statens Museum for Kunst]];Q20355494;;;https://api.smk.dk/api/v1/download/W3siaW1nX3VybCI6Imh0dHBzOi8vaWlwLnNtay5kay9paWlmL2pwMi9ERVAyODkudGlmLnJlY29uc3RydWN0ZWQudGlmLmpwMi9mdWxsL2Z1bGwvMC9uYXRpdmUuanBnIiwicHVibGljX2RvbWFpbiI6dHJ1ZSwib2JqZWN0X251bWJlciI6IkRFUDI4OSIsIm51bSI6IiJ9XQ==/DEP289.jpgPaintingSal 228;True;True
Ubekendt;;;{{da|Jomfru Maria og barnet med skt. Antoni og Jakob den ældre}};;;1600-1700;Rødkridt;{{Size|unit=mm|width=207|height=329}};{{Institution:Statens Museum for Kunst, Copenhagen}};;;* {{ProvenanceEvent|date=1887-12-31|type=acquisition|newowner=[[Statens Museum for Kunst]]}};;;;;KKSgb7087;;* {{SMK API|KKSgb7087}}<br/>* {{SMK Open|KKSgb7087}}<br/>* [https://api.smk.dk/api/v1/download/W3siaW1nX3VybCI6Imh0dHBzOi8vaWlwLnNtay5kay9paWlmL2pwMi9ra3NnYjcwODcudGlmLmpwMi9mdWxsL2Z1bGwvMC9uYXRpdmUuanBnIiwicHVibGljX2RvbWFpbiI6dHJ1ZSwib2JqZWN0X251bWJlciI6IktLU2diNzA4NyIsIm51bSI6IiJ9XQ==/KKSgb7087.jpg image];{{Licensed-PD-Art|PD-old|Cc-zero}}<br/>	{{Statens Museum for Kunst collaboration project}};;*{{citation|title=Italian Drawings in the Department of Prints and Drawings,: Statens Museum for Kunst, Roman Drawings before 1800|author=Ursula Verena Fischer Pace|others=nr. 158|year=2014}};;[[Category:Images released under the CC0 1.0 Universal license by Statens Museum for Kunst]]<br/>[[Category:Images from the partnership with Statens Museum for Kunst]]<br/>[[Category:Drawings in Statens Museum for Kunst]];;;;https://api.smk.dk/api/v1/download/W3siaW1nX3VybCI6Imh0dHBzOi8vaWlwLnNtay5kay9paWlmL2pwMi9ra3NnYjcwODcudGlmLmpwMi9mdWxsL2Z1bGwvMC9uYXRpdmUuanBnIiwicHVibGljX2RvbWFpbiI6dHJ1ZSwib2JqZWN0X251bWJlciI6IktLU2diNzA4NyIsIm51bSI6IiJ9XQ==/KKSgb7087.jpgDrawing;True;True
Ubekendt;;;{{title|Menneskes Syndefald|lang=da}};;;1750-1769;Træsnit;{{Size|unit=mm|width=180|height=292}};{{Institution:Statens Museum for Kunst, Copenhagen}};;;* {{ProvenanceEvent|date=1936-12-31|type=acquisition|newowner=[[Statens Museum for Kunst]]}};;;;;KKS13568;;* {{SMK API|KKS13568}}<br/>* {{SMK Open|KKS13568}}<br/>* [https://api.smk.dk/api/v1/download/W3siaW1nX3VybCI6Imh0dHBzOi8vaWlwLnNtay5kay9paWlmL2pwMi9LS1MxMzU2OF9jcm9wLnRpZjQudGlmLmpwMi9mdWxsL2Z1bGwvMC9uYXRpdmUuanBnIiwicHVibGljX2RvbWFpbiI6dHJ1ZSwib2JqZWN0X251bWJlciI6IktLUzEzNTY4IiwibnVtIjoiIn1d/KKS13568.jpg image];{{Licensed-PD-Art|PD-old|Cc-zero}}<br/>	{{Statens Museum for Kunst collaboration project}};;*{{citation|title=Det folkelige danske træsnit i etbladstryk 1565-1884|author=V. E. Clausen|others=nr. 3|id=51884|year=1985}}<br/>*{{citation|title=Det folkelige danske træsnit i etbladstryk 1650-1870|author=V.E. Clausen|others=nr. 3|id=28823|year=1961}};;[[Category:Images released under the CC0 1.0 Universal license by Statens Museum for Kunst]]<br/>[[Category:Images from the partnership with Statens Museum for Kunst]]<br/>[[Category:Woodcuts in Statens Museum for Kunst]];;;;https://api.smk.dk/api/v1/download/W3siaW1nX3VybCI6Imh0dHBzOi8vaWlwLnNtay5kay9paWlmL2pwMi9LS1MxMzU2OF9jcm9wLnRpZjQudGlmLmpwMi9mdWxsL2Z1bGwvMC9uYXRpdmUuanBnIiwicHVibGljX2RvbWFpbiI6dHJ1ZSwib2JqZWN0X251bWJlciI6IktLUzEzNTY4IiwibnVtIjoiIn1d/KKS13568.jpgWoodcut;True;True
;;;{{title|Lille søstudie med en ø i den venezianske lagune|lang=da}};;;1838;Olie på pap;{{Size|unit=mm|width=12|height=6}};{{Institution:Statens Museum for Kunst, Copenhagen}};;;* {{ProvenanceEvent|date=1978-12-31|type=acquisition|newowner=[[Statens Museum for Kunst]]}};* {{Temporary Exhibition |name=VIVA VENEZIA! Kunstens Venedigbilleder 1750-2013 |institution= |place= Gl. Holtegaard |begin=2014-08-21 |end=2014-12-13}}<br/>* {{Temporary Exhibition |name=Christen Købke 1810 - 1848 |institution= |place= Sølvgade |begin=1996-02-09 |end=1996-05-26}};;;;KMS7020;;* {{SMK API|KMS7020}}<br/>* {{SMK Open|KMS7020}}<br/>* [https://api.smk.dk/api/v1/thumbnail/7df9dca9-7aa7-4eec-813e-26e7106c559a.jpg image];{{Licensed-PD-Art|PD-old|Cc-zero}}<br/>	{{Statens Museum for Kunst collaboration project}};;*{{citation|title=Venedig syndromet: Storhed og fald i kunstens Venedig|author=Louise Birch Sørensen|others=afb. p. 27, omt. p. 26|year=2014}};;[[Category:Images released under the CC0 1.0 Universal license by Statens Museum for Kunst]]<br/>[[Category:Images from the partnership with Statens Museum for Kunst]]<br/>[[Category:Paintings in Statens Museum for Kunst]];Q20267174;;;https://api.smk.dk/api/v1/thumbnail/7df9dca9-7aa7-4eec-813e-26e7106c559a.jpgPainting;True;True
;;;{{title|Dragtstudier. Megara|lang=da}};;;1896;olie på lærred;{{Size|unit=mm|width=20|height=51}};{{Institution:Statens Museum for Kunst, Copenhagen}};;;* {{ProvenanceEvent|date=1939-12-31|type=acquisition|newowner=[[Statens Museum for Kunst]]}};* {{Temporary Exhibition |name=Niels Skovgaard. Maler, Billedhugger, Kunsthåndværker, Illustrator |institution= |place= Fuglsang Kunstmuseum |begin=2019-01-24 |end=2019-05-04}}<br/>* {{Temporary Exhibition |name=Niels Skovgaard. Maler, Billedhugger, Kunsthåndværker, Illustrator |institution= |place= Skovgaard Museet i Viborg |begin=2018-05-31 |end=2018-01-05}};;;;KMS4231;;* {{SMK API|KMS4231}}<br/>* {{SMK Open|KMS4231}}<br/>* [https://api.smk.dk/api/v1/download/W3siaW1nX3VybCI6Imh0dHBzOi8vaWlwLnNtay5kay9paWlmL2pwMi9LTVM0MjMxLnRpZi5yZWNvbnN0cnVjdGVkLnRpZi5qcDIvZnVsbC9mdWxsLzAvbmF0aXZlLmpwZyIsInB1YmxpY19kb21haW4iOnRydWUsIm9iamVjdF9udW1iZXIiOiJLTVM0MjMxIiwibnVtIjoiIn1d/KMS4231.jpg image];{{Licensed-PD-Art|PD-old|Cc-zero}}<br/>	{{Statens Museum for Kunst collaboration project}};;;;[[Category:Images released under the CC0 1.0 Universal license by Statens Museum for Kunst]]<br/>[[Category:Images from the partnership with Statens Museum for Kunst]]<br/>[[Category:Paintings in Statens Museum for Kunst]];Q20268228;;;https://api.smk.dk/api/v1/download/W3siaW1nX3VybCI6Imh0dHBzOi8vaWlwLnNtay5kay9paWlmL2pwMi9LTVM0MjMxLnRpZi5yZWNvbnN0cnVjdGVkLnRpZi5qcDIvZnVsbC9mdWxsLzAvbmF0aXZlLmpwZyIsInB1YmxpY19kb21haW4iOnRydWUsIm9iamVjdF9udW1iZXIiOiJLTVM0MjMxIiwibnVtIjoiIn1d/KMS4231.jpgPainting;True;True
;;;{{title|Udsigt gennem en dør til løbende figurer|lang=da}};;;1845;olie på lærred;{{Size|unit=mm|width=38.9|height=42.8}};{{Institution:Statens Museum for Kunst, Copenhagen}};;;* {{da|Kunstnerens dødsboauktion 1854 nr. 99. .}}<br/>* {{da|Ludvig Heckschers samling, dennes auktion, nov. 1913 nr. 18 (ingen paginering) solgt for 912}}<br/>* {{da|ABR auktion 138, 1961 nr. 69, afbildet side 19, solgt for 3500}}<br/>* {{da|Bruun Rasmussen auktion 650, 1998 nr, 190, afb. s. 139, solgt for 1.180.000}}<br/>* {{ProvenanceEvent|date=2017-11-18|type=acquisition|newowner=[[Statens Museum for Kunst]]}};* {{Temporary Exhibition |name=Dansk guldålder / The Danish Golden Age |institution= |place= Nationalmuseum, Stockholm |begin=2019-02-27 |end=2019-07-20}}<br/>* {{Temporary Exhibition |name="Danish Golden Age" Petit Palais |institution= |place= Petit Palais |begin=2020-04-27 |end=2020-08-25}}<br/>* {{Temporary Exhibition |name=Dansk Guldalder: Verdenskunst mellem to katastrofer |institution= |place= Sølvgade |begin=2019-08-23 |end=2019-12-07}};;;;KMS8847;;* {{SMK API|KMS8847}}<br/>* {{SMK Open|KMS8847}}<br/>* [https://api.smk.dk/api/v1/download/W3siaW1nX3VybCI6Imh0dHBzOi8vaWlwLnNtay5kay9paWlmL2pwMi9LTVM4ODQ3X2Nyb3AudGlmLmpwMi9mdWxsL2Z1bGwvMC9uYXRpdmUuanBnIiwicHVibGljX2RvbWFpbiI6dHJ1ZSwib2JqZWN0X251bWJlciI6IktNUzg4NDciLCJudW0iOiIifV0=/KMS8847.jpg image];{{Licensed-PD-Art|PD-old|Cc-zero}}<br/>	{{Statens Museum for Kunst collaboration project}};;*{{citation|title=Maleren Eckersbergs Levned og Værker|author=Philip Weilbach|others=omt. s. 126 & 236|id=605|year=1872}}<br/>*{{citation|title=Christoffer Wilhelm Eckersberg, 1783-1853|author=Philip Conisbee|others=omt. s. 150 & afb. s. 150|id=2003-471|year=2003}}<br/>*{{citation|title=Fra Odysseus' borg til Langebro i København|author=Kasper Monrad|others=omt. s. 98 & afb. s. 99|year=1990}}<br/>*{{citation|title=C.W. Eckersberg: dansk malerkunsts fader|author=Peter Michael Hornung|others=omt. s. 364 & afb. s. 365|id=2005-383|year=2005}}<br/>*{{citation|title=Eckersberg|author=Kasper Monrad|others=afb. 185|year=2015}};;[[Category:Images released under the CC0 1.0 Universal license by Statens Museum for Kunst]]<br/>[[Category:Images from the partnership with Statens Museum for Kunst]]<br/>[[Category:Paintings in Statens Museum for Kunst]];Q21781576;;;https://api.smk.dk/api/v1/download/W3siaW1nX3VybCI6Imh0dHBzOi8vaWlwLnNtay5kay9paWlmL2pwMi9LTVM4ODQ3X2Nyb3AudGlmLmpwMi9mdWxsL2Z1bGwvMC9uYXRpdmUuanBnIiwicHVibGljX2RvbWFpbiI6dHJ1ZSwib2JqZWN0X251bWJlciI6IktNUzg4NDciLCJudW0iOiIifV0=/KMS8847.jpgPaintingSal 217C;True;True
{{Creator:Domenico Piola}}<br/>{{Creator:Paolo Gerolamo Piola}};;;{{da|En havgud og to putti}};;;1650-1699;Sortkridt, brunt blæk og brun lavering;{{Size|unit=mm|width=285|height=210}};{{Institution:Statens Museum for Kunst, Copenhagen}};;;* {{ProvenanceEvent|date=1878-09-06|type=acquisition|newowner=[[Statens Museum for Kunst]]}};;;;* {{da|Domenico og Paolo Gerolamo Piola}};KKSgb5548;;* {{SMK API|KKSgb5548}}<br/>* {{SMK Open|KKSgb5548}}<br/>* [https://api.smk.dk/api/v1/download/W3siaW1nX3VybCI6Imh0dHBzOi8vaWlwLnNtay5kay9paWlmL2pwMi9LS1NnYjU1NDhfdmVyc28udGlmLmpwMi9mdWxsL2Z1bGwvMC9uYXRpdmUuanBnIiwicHVibGljX2RvbWFpbiI6dHJ1ZSwib2JqZWN0X251bWJlciI6IktLU2diNTU0OCIsIm51bSI6IiJ9XQ==/KKSgb5548.jpg image];{{Licensed-PD-Art|PD-old|Cc-zero}}<br/>	{{Statens Museum for Kunst collaboration project}};;*{{citation|title=Genoese drawings|author=Mary Newcome Schleier|others=nr. 59|id=C 27883|year=2004}};;[[Category:Images released under the CC0 1.0 Universal license by Statens Museum for Kunst]]<br/>[[Category:Images from the partnership with Statens Museum for Kunst]]<br/>[[Category:Drawings in Statens Museum for Kunst]];;;;https://api.smk.dk/api/v1/download/W3siaW1nX3VybCI6Imh0dHBzOi8vaWlwLnNtay5kay9paWlmL2pwMi9LS1NnYjU1NDhfdmVyc28udGlmLmpwMi9mdWxsL2Z1bGwvMC9uYXRpdmUuanBnIiwicHVibGljX2RvbWFpbiI6dHJ1ZSwib2JqZWN0X251bWJlciI6IktLU2diNTU0OCIsIm51bSI6IiJ9XQ==/KKSgb5548.jpgDrawing;True;True
{{Creator:Erling Eckersberg}};;;{{title|Albert Küchler|lang=da}};;;1861;Radering. Med tilføjelser af tekst i hånden;{{Size|unit=mm|width=194|height=222}};{{Institution:Statens Museum for Kunst, Copenhagen}};;;* {{ProvenanceEvent|date=1898-11-27|type=acquisition|newowner=[[Statens Museum for Kunst]]}};;;;* {{da|Kr. Auk. 1497}};KKS2621;;* {{SMK API|KKS2621}}<br/>* {{SMK Open|KKS2621}}<br/>* [https://api.smk.dk/api/v1/download/W3siaW1nX3VybCI6Imh0dHBzOi8vaWlwLnNtay5kay9paWlmL2pwMi9ra3MyNjIxLnRpZi5yZWNvbnN0cnVjdGVkLnRpZi5qcDIvZnVsbC9mdWxsLzAvbmF0aXZlLmpwZyIsInB1YmxpY19kb21haW4iOnRydWUsIm9iamVjdF9udW1iZXIiOiJLS1MyNjIxIiwibnVtIjoiIn1d/KKS2621.jpg image];{{Licensed-PD-Art|PD-old|Cc-zero}}<br/>	{{Statens Museum for Kunst collaboration project}};;*{{citation|title=Danske portrætter i kobberstik, litografi og træsnit: en beskrivende fortegnelse|author=P.B.C. Westergaard|others=nr. 6767|id=C 3997:1-2 da|year=1930-1933}};;[[Category:Images released under the CC0 1.0 Universal license by Statens Museum for Kunst]]<br/>[[Category:Images from the partnership with Statens Museum for Kunst]]<br/>[[Category:Engravings in Statens Museum for Kunst]];;;;https://api.smk.dk/api/v1/download/W3siaW1nX3VybCI6Imh0dHBzOi8vaWlwLnNtay5kay9paWlmL2pwMi9ra3MyNjIxLnRpZi5yZWNvbnN0cnVjdGVkLnRpZi5qcDIvZnVsbC9mdWxsLzAvbmF0aXZlLmpwZyIsInB1YmxpY19kb21haW4iOnRydWUsIm9iamVjdF9udW1iZXIiOiJLS1MyNjIxIiwibnVtIjoiIn1d/KKS2621.jpgEngraving;True;True
